feature,importance
org_rate_TruePositive,0.642547532451549
org_rate_FalsePositive,0.5257159351096123
org_rate_BenignPositive,0.5071953918230174
org_incident_count,0.239620952592172
EntityType_CloudLogonSession,0.13105105069657633
ApplicationId_nunique,0.11968827033295826
CountryCode_nunique,0.11840836808733754
OSFamily_nunique,0.09693426800931106
ApplicationName_nunique,0.09451258204831378
DetectorId_nunique,0.08929556836922554
EntityType_Mailbox,0.07729636095573517
OSVersion_nunique,0.06943650785492449
State_nunique,0.06178940686073626
Url_nunique,0.06148745045944245
DeviceId_nunique,0.05823310097752556
LastVerdict_NoThreatsFound,0.0578362214145662
hour_of_day,0.05618797614420889
duration_seconds,0.050861722898568704
Roles_Contextual,0.04971991707967318
AlertTitle_nunique,0.047739233677215644
EntityType_CloudApplication,0.04770892774637114
Category_SuspiciousActivity,0.04621905100647093
MitreTechniques_T1566.002,0.044829221442695306
AntispamDirection_Inbound,0.0442290252199466
day_of_week,0.04299716748933483
MitreTechniques_T1078;T1078.004,0.04227313321555418
DeviceName_nunique,0.04127363079373665
Category_CommandAndControl,0.04080070379171606
LastVerdict_Malicious,0.037983515526535325
EntityType_MailCluster,0.036870135909516925
AccountUpn_nunique,0.03635851677535532
Category_Execution,0.03615001896921371
EntityType_Url,0.03568912403096839
City_nunique,0.034953023869773635
MitreTechniques_T1566,0.03424503410591784
IpAddress_nunique,0.03382914569463624
Sha256_nunique,0.031240623162379785
EmailClusterId_nunique,0.0305517706231221
EntityType_MailMessage,0.029746218251654827
LastVerdict_Suspicious,0.02898449549330931
Category_Exfiltration,0.027690278332396328
Category_InitialAccess,0.027633936951839667
SuspicionLevel_Suspicious,0.027314968277297194
EntityType_Process,0.025434759675839986
EvidenceRole_Related,0.025380663954601174
AccountObjectId_nunique,0.025348554332545098
NetworkMessageId_nunique,0.025160473818580765
AccountSid_nunique,0.023997706795294473
FolderPath_nunique,0.023483322873139454
FileName_nunique,0.023367332921068656
MitreTechniques_T1566.001,0.02022357066620991
EntityType_File,0.019726663212669342
EntityType_User,0.016751290349432017
ActionGrouped_ContainAccount,0.016324058276853255
EntityType_Ip,0.015260385177216989
ActionGranular_update stsrefreshtokenvalidfrom timestamp.,0.013820976977547627
EvidenceRole_Impacted,0.013692302452602589
AccountName_nunique,0.01311460455716636
MitreTechniques_Other,0.012651715480674086
EntityType_CloudLogonRequest,0.012522913113859849
MitreTechniques_T1568;T1008,0.01241330685604903
evidence_count,0.012148616340135043
Category_CredentialAccess,0.011701193879031985
AlertId_nunique,0.010735955298488614
MitreTechniques_T1110;T1110.001;T1110.003,0.008698833353984229
EntityType_AzureResource,0.008644572042177664
ResourceType_Virtual Machine,0.008367087660895427
Roles_Source,0.008093474666362696
Roles_Attacker,0.007979439627841796
EntityType_Machine,0.007895789376213424
ActionGranular_Other,0.0076337961883293035
ResourceType_Other,0.0075742488019090405
EntityType_Malware,0.007524816979293873
EntityType_GenericEntity,0.007053353180126279
MitreTechniques_T1559;T1106;T1059.005,0.00672414208111812
Category_LateralMovement,0.006629028679036659
ActionGrouped_Other,0.006338169955698904
ResourceIdName_nunique,0.006298633135697401
MitreTechniques_T1110;T1110.003;T1110.001,0.005838208610454784
MitreTechniques_T1078,0.005620698831340439
EntityType_OAuthApplication,0.0053889005022475026
Roles_Destination,0.004815675174264255
Category_Impact,0.004740313119030389
Category_Discovery,0.004659291213536007
OAuthApplicationId_nunique,0.0045265168785051805
Category_Malware,0.004439364502012074
MitreTechniques_T1046;T1071;T1210,0.004239010158421148
MitreTechniques_T1110,0.004217910124381343
Roles_Compromised,0.003957087319446409
Category_DefenseEvasion,0.00391962861083061
RegistryKey_nunique,0.0038908359275140547
MitreTechniques_T1210,0.003789662745520169
MitreTechniques_T1046;T1030;T1071;T1071.001,0.003786394086631691
MitreTechniques_T1003;T1012;T1552.002,0.0037840677389176128
MitreTechniques_T1557.001,0.003369475453069819
ActionGranular_account password changed,0.0031620626360800734
ActionGranular_change user password.,0.003012679302347565
EntityType_RegistryValue,0.002734319789776096
Category_Collection,0.002670433575718298
MitreTechniques_T1189,0.0026615511005761068
MitreTechniques_T1059,0.0026214022987931943
MitreTechniques_T1110;T1110.003,0.0025443388749178016
MitreTechniques_T1087;T1087.002,0.0025414896089743042
MitreTechniques_T1528,0.0025047176737129067
MitreTechniques_T1534,0.002455608573380588
MitreTechniques_T1046,0.002409812572291862
ThreatFamily_Other,0.0024066269758807584
MitreTechniques_T1047;T1057,0.0023832151239102195
AntispamDirection_Intraorg,0.0021944705034154066
ThreatFamily_Phish,0.0021395974555417237
ThreatFamily_Malgent,0.0021272085129995944
MitreTechniques_T1098,0.002123649275873236
MitreTechniques_T1562.001;T1562.006,0.00199799298320191
MitreTechniques_T1059.001,0.0019580121929686717
MitreTechniques_T1569.002,0.0019519945763509625
MitreTechniques_T1190,0.0015945737241970742
ThreatFamily_Donoff,0.0015482248508398683
Category_Exploit,0.0015242733184856405
AntispamDirection_Other,0.0014405536263034063
RegistryValueData_nunique,0.0014348615844006108
MitreTechniques_T1550;T1550.003,0.0013968292073435883
MitreTechniques_T1003;T1005;T1119;T1539;T1550.004;T1552.001;T1555.003;T1555.004,0.0013432234771298159
Category_Persistence,0.0013282805091127702
MitreTechniques_T1078;T1110,0.0012837073050779885
ThreatFamily_CustomEnterpriseBlock,0.0012810872760731387
MitreTechniques_T1497.002,0.0012763877327411587
RegistryValueName_nunique,0.0012717921506346511
EntityType_RegistryKey,0.0012266716012424735
Category_UnwantedSoftware,0.00116725554600987
MitreTechniques_T1204.002,0.0011475610545415124
MitreTechniques_T1098;T1078,0.0010327769031346697
MitreTechniques_T1041,0.001023924304115038
EntityType_Other,0.001006335160966777
MitreTechniques_T1133,0.000765799370633175
Roles_Suspicious,0.0007493148526447945
MitreTechniques_T1055;T1055.001;T1055.002;T1055.003;T1055.004;T1055.005;T1055.012,0.0007327265875790692
MitreTechniques_T1595,0.0007125151616243314
MitreTechniques_T1030,0.0007084418615151634
Roles_Other,0.000687023953418856
MitreTechniques_T1485,0.0006287598710746425
MitreTechniques_T1053.002;T1053.005,0.0006128886742739466
Category_Ransomware,0.000532649208647066
MitreTechniques_T1053;T1053.005,0.0005156567975935134
Category_PrivilegeEscalation,0.0005046217573019213
MitreTechniques_T1057;T1059.001,0.00048266616362590794
MitreTechniques_T1071;T1048,0.0004742403149564613
MitreTechniques_T1087,0.0004607835278079807
MitreTechniques_T1098;T1114,0.00041954132874444817
MitreTechniques_T1021,0.00038585287408835454
MitreTechniques_T1204.001,0.0003664397335084975
MitreTechniques_T1007;T1059.001,0.00033938477578711427
MitreTechniques_T1204,0.00029037606961879024
MitreTechniques_T1071,0.00027557688689405747
ThreatFamily_CustomEnterpriseBlockOnly,0.0002457691525157159
ThreatFamily_CymRan,0.00024050916710935608
MitreTechniques_T1640,0.0002386802925781316
MitreTechniques_T1562,0.00022926022254528508
MitreTechniques_T1189;T1071;T1203,0.00022238602203465774
MitreTechniques_T1059.003,0.0002179697124613609
MitreTechniques_T1059.001;T1059.005;T1059.007,0.00014832587402335886
SuspicionLevel_Other,0.00012024953290078782
MitreTechniques_T1568;T1573;T1008,0.00011293788325635439
MitreTechniques_T1003,0.00010611760955006693
MitreTechniques_T1078.004,8.588499407313306e-05
MitreTechniques_T1078;T1098,9.16423003536148e-06
Category_Other,0.0
MitreTechniques_T1003;T1003.002;T1003.004;T1012;T1021;T1090.001;T1112;T1489;T1543.003;T1559;T1569.002,0.0
MitreTechniques_T1537;T1567,0.0
MitreTechniques_T1112;T1547.001,0.0
MitreTechniques_T1190;T1133,0.0
MitreTechniques_T1110;T1078,0.0
MitreTechniques_T1485;T1565;T1491,0.0
MitreTechniques_T1055;T1105,0.0
MitreTechniques_T1071;T1571,0.0
MitreTechniques_T1027;T1204.002,0.0
MitreTechniques_T1007;T1016;T1018;T1049;T1087;T1135,0.0
MitreTechniques_T1027;T1027.002;T1027.005;T1105;T1204.002,0.0
MitreTechniques_T1005,0.0
MitreTechniques_T1027.002;T1027.005;T1059.003;T1105,0.0
MitreTechniques_T1087;T1110,0.0
MitreTechniques_T1586,0.0
LastVerdict_Other,0.0
